<?xml version="1.0" encoding="utf-8"?>
<navigation>
  <navigation_entry navigation_id="_default" display_order="0" navigation_type_id="basic" enabled="1"><![CDATA[{"link":"","display_condition":"","extra_attributes":[]}]]></navigation_entry>
  <navigation_entry navigation_id="contributedThreads" parent_navigation_id="findThreads" display_order="200" navigation_type_id="basic" enabled="1"><![CDATA[{"link":"{{ link('find-threads\/contributed') }}","display_condition":"$xf.visitor.user_id","extra_attributes":[]}]]></navigation_entry>
  <navigation_entry navigation_id="currentVisitors" parent_navigation_id="members" display_order="200" navigation_type_id="basic" enabled="1"><![CDATA[{"link":"{{ link('online') }}","display_condition":"","extra_attributes":[]}]]></navigation_entry>
  <navigation_entry navigation_id="defaultLatestActivity" parent_navigation_id="_default" display_order="10" navigation_type_id="basic" enabled="1"><![CDATA[{"link":"{{ link('whats-new\/latest-activity') }}","display_condition":"","extra_attributes":[]}]]></navigation_entry>
  <navigation_entry navigation_id="defaultLogOut" parent_navigation_id="_default" display_order="1000" navigation_type_id="basic" enabled="1"><![CDATA[{"link":"{{ link('logout', null, {'t': csrf_token()}) }}","display_condition":"$xf.visitor.user_id","extra_attributes":[]}]]></navigation_entry>
  <navigation_entry navigation_id="defaultNewsFeed" parent_navigation_id="_default" display_order="10" navigation_type_id="basic" enabled="1"><![CDATA[{"link":"{{ link('whats-new\/news-feed') }}","display_condition":"$xf.visitor.user_id","extra_attributes":[]}]]></navigation_entry>
  <navigation_entry navigation_id="defaultRegister" parent_navigation_id="_default" display_order="1000" navigation_type_id="basic" enabled="1"><![CDATA[{"link":"{{ link('register') }}","display_condition":"!$xf.visitor.user_id","extra_attributes":[]}]]></navigation_entry>
  <navigation_entry navigation_id="defaultYourAccount" parent_navigation_id="_default" display_order="40" navigation_type_id="basic" enabled="1"><![CDATA[{"link":"{{ link('account') }}","display_condition":"$xf.visitor.user_id","extra_attributes":[]}]]></navigation_entry>
  <navigation_entry navigation_id="defaultYourProfile" parent_navigation_id="_default" display_order="30" navigation_type_id="basic" enabled="1"><![CDATA[{"link":"{{ link('members', $xf.visitor) }}","display_condition":"$xf.visitor.user_id","extra_attributes":[]}]]></navigation_entry>
  <navigation_entry navigation_id="findThreads" parent_navigation_id="forums" display_order="300" navigation_type_id="basic" enabled="1"><![CDATA[{"link":"{{ link('find-threads\/started') }}","display_condition":"$xf.visitor.user_id","extra_attributes":[]}]]></navigation_entry>
  <navigation_entry navigation_id="forumList" parent_navigation_id="forums" display_order="200" navigation_type_id="basic" enabled="1"><![CDATA[{"link":"{{ link('forums\/list') }}","display_condition":"{$xf.options.forumsDefaultPage} != 'forums'","extra_attributes":[]}]]></navigation_entry>
  <navigation_entry navigation_id="forums" display_order="200" navigation_type_id="basic" enabled="1"><![CDATA[{"link":"{{ link('forums') }}","display_condition":"","extra_attributes":[]}]]></navigation_entry>
  <navigation_entry navigation_id="home" display_order="100" navigation_type_id="basic" enabled="1"><![CDATA[{"link":"{$xf.homePageUrl}","display_condition":"$xf.homePageUrl","extra_attributes":[]}]]></navigation_entry>
  <navigation_entry navigation_id="latestActivity" parent_navigation_id="whatsNew" display_order="700" navigation_type_id="basic" enabled="1"><![CDATA[{"link":"{{ link('whats-new\/latest-activity') }}","display_condition":"$xf.options.enableNewsFeed","extra_attributes":{"rel":"nofollow"}}]]></navigation_entry>
  <navigation_entry navigation_id="markForumsRead" parent_navigation_id="forums" display_order="600" navigation_type_id="basic" enabled="1"><![CDATA[{"link":"{{ link('forums\/mark-read', '-', {'date': $xf.time}) }}","display_condition":"$xf.visitor.user_id","extra_attributes":{"data-xf-click":"overlay"}}]]></navigation_entry>
  <navigation_entry navigation_id="members" display_order="600" navigation_type_id="basic" enabled="1"><![CDATA[{"link":"{{ link('members') }}","display_condition":"$xf.visitor.canViewMemberList()","extra_attributes":[]}]]></navigation_entry>
  <navigation_entry navigation_id="newPosts" parent_navigation_id="forums" display_order="100" navigation_type_id="basic" enabled="1"><![CDATA[{"link":"{{ link('whats-new\/posts') }}","display_condition":"{$xf.options.forumsDefaultPage} != 'new_posts'","extra_attributes":[]}]]></navigation_entry>
  <navigation_entry navigation_id="newProfilePosts" parent_navigation_id="members" display_order="300" navigation_type_id="basic" enabled="1"><![CDATA[{"link":"{{ link('whats-new\/profile-posts') }}","display_condition":"$xf.visitor.canViewProfilePosts()","extra_attributes":{"rel":"nofollow"}}]]></navigation_entry>
  <navigation_entry navigation_id="registeredMembers" parent_navigation_id="members" display_order="100" navigation_type_id="basic" enabled="1"><![CDATA[{"link":"{{ link('members\/list') }}","display_condition":"$xf.options.enableMemberList","extra_attributes":[]}]]></navigation_entry>
  <navigation_entry navigation_id="searchForums" parent_navigation_id="forums" display_order="500" navigation_type_id="basic" enabled="1"><![CDATA[{"link":"{{ link('search', null, {'type': 'post'}) }}","display_condition":"$xf.visitor.canSearch()","extra_attributes":[]}]]></navigation_entry>
  <navigation_entry navigation_id="searchProfilePosts" parent_navigation_id="members" display_order="400" navigation_type_id="basic" enabled="1"><![CDATA[{"link":"{{ link('search', null, {'type': 'profile_post'}) }}","display_condition":"$xf.visitor.canSearch()","extra_attributes":[]}]]></navigation_entry>
  <navigation_entry navigation_id="unansweredThreads" parent_navigation_id="findThreads" display_order="300" navigation_type_id="basic" enabled="1"><![CDATA[{"link":"{{ link('find-threads\/unanswered') }}","display_condition":"","extra_attributes":[]}]]></navigation_entry>
  <navigation_entry navigation_id="watched" parent_navigation_id="forums" display_order="400" navigation_type_id="basic" enabled="1"><![CDATA[{"link":"{{ link('watched\/threads') }}","display_condition":"$xf.visitor.user_id","extra_attributes":[]}]]></navigation_entry>
  <navigation_entry navigation_id="watchedForums" parent_navigation_id="watched" display_order="200" navigation_type_id="basic" enabled="1"><![CDATA[{"link":"{{ link('watched\/forums') }}","display_condition":"$xf.visitor.user_id","extra_attributes":[]}]]></navigation_entry>
  <navigation_entry navigation_id="watchedThreads" parent_navigation_id="watched" display_order="100" navigation_type_id="basic" enabled="1"><![CDATA[{"link":"{{ link('watched\/threads') }}","display_condition":"$xf.visitor.user_id","extra_attributes":[]}]]></navigation_entry>
  <navigation_entry navigation_id="whatsNew" display_order="300" navigation_type_id="basic" enabled="1"><![CDATA[{"link":"{{ link('whats-new') }}","display_condition":"","extra_attributes":[]}]]></navigation_entry>
  <navigation_entry navigation_id="whatsNewNewsFeed" parent_navigation_id="whatsNew" display_order="600" navigation_type_id="basic" enabled="1"><![CDATA[{"link":"{{ link('whats-new\/news-feed') }}","display_condition":"$xf.options.enableNewsFeed AND $xf.visitor.user_id","extra_attributes":{"rel":"nofollow"}}]]></navigation_entry>
  <navigation_entry navigation_id="whatsNewPosts" parent_navigation_id="whatsNew" display_order="100" navigation_type_id="basic" enabled="1"><![CDATA[{"link":"{{ link('whats-new\/posts') }}","display_condition":"","extra_attributes":{"rel":"nofollow"}}]]></navigation_entry>
  <navigation_entry navigation_id="whatsNewProfilePosts" parent_navigation_id="whatsNew" display_order="500" navigation_type_id="basic" enabled="1"><![CDATA[{"link":"{{ link('whats-new\/profile-posts') }}","display_condition":"$xf.visitor.canViewProfilePosts()","extra_attributes":{"rel":"nofollow"}}]]></navigation_entry>
  <navigation_entry navigation_id="yourThreads" parent_navigation_id="findThreads" display_order="100" navigation_type_id="basic" enabled="1"><![CDATA[{"link":"{{ link('find-threads\/started') }}","display_condition":"$xf.visitor.user_id","extra_attributes":[]}]]></navigation_entry>
</navigation>
